id,location,miles,hours,bid_due,duration,pay_rate
1,,6182.6,2803,45398,6Y | 4M | 29D,18.61
2,,7546.4,2803,45398,6Y | 4M | 29D,18.61
3,,6819.1,1793,45427,5Y | 11M | 29D,18
4,,20154.2,2389,45418,1Y | 4M | 29D,19.89
5,,2727.6,2440,45420,5Y | 4M | 29D,19.6
6,,20608.8,2728,45418,0Y | 4M | 29D,17.94
7,,3939.9,2197,45425,5Y | 4M | 29D,19.89
8,,23124.2,2728,45418,0Y | 4M | 29D,17.94
9,,28185.5,2576,45418,0Y | 4M | 29D,17.94
10,,10910.5,2879,45418,0Y | 4M | 29D,19.89
11,,33883.2,1834,45419,5Y | 11M | 29D,17.94
12,,18729.7,909,45419,5Y | 11M | 29D,17.94
13,,9758.9,1561,45420,3Y | 1M | 29D,19.89
14,,14456.4,1844,45418,5Y | 4M | 29D,19.89
15,,8400.7,1890,45418,5Y | 4M | 29D,19.89
16,,,,45418,,0
17,,6728.2,1793,45427,5Y | 3M | 29D,19.36
18,,6273.5,1723,45419,5Y | 3M | 29D,19.6
19,,9486.1,2505,45418,5Y | 3M | 29D,19.6
20,,17881.1,2576,45418,0Y | 10M | 30D,19.89
21,,29791.8,2425,45419,5Y | 11M | 29D,17.94
22,,15153.9,2879,45418,0Y | 4M | 29D,19.89
23,,20305.7,2728,45418,0Y | 4M | 29D,19.89
24,,56851.2,2318,45426,5Y | 3M | 29D,19.89
25,,30003.9,2955,45419,5Y | 11M | 29D,17.94
26,,13335.1,2425,45413,0Y | 4M | 29D,17.94
27,,10304.4,1869,45418,1Y | 4M | 29D,19.89
28,,8182.9,1869,45418,1Y | 4M | 29D,19.89
29,,51949.6,1832,45411,5Y | 3M | 29D,17.94
30,,11395.4,1081,45415,5Y | 11M | 29D,17.94
31,,42187.3,2935,45407,5Y | 4M | 29D,17.94
32,,17002.2,2197,45412,5Y | 4M | 29D,19.89
33,,13244.2,2369,45418,5Y | 11M | 29D,18
34,,9880.1,2879,45419,4Y | 4M | 29D,19.6
35,,12456.2,2066,45434,5Y | 11M | 29D,19.6
36,,19548,1995,45419,1Y | 4M | 29D,19.6
37,,1818.4,1303,45428,5Y | 11M | 29D,19.6
38,,20305.7,2121,45419,6Y | 4M | 29D,19.6
39,,29458.4,2046,45425,5Y | 3M | 29D,19.6
40,,5273.4,1091,45429,5Y | 11M | 29D,18
41,,14820,1970,45425,4Y | 4M | 29D,19.6
42,,28882.6,2334,45429,5Y | 11M | 29D,17.94
43,,28912.9,2667,45429,5Y | 11M | 29D,17.94
44,,30246.4,2384,45429,5Y | 11M | 29D,17.94
45,,11819.7,1434,45443,5Y | 11M | 29D,18
46,,3846.7,437,45429,1Y | 11M | 29D,19.6
47,,2959,473,45429,1Y | 11M | 29D,19.6
48,,18184.2,2879,45429,5Y | 11M | 29D,24.58
49,,3576.2,1212,45429,5Y | 11M | 29D,19.6
50,,2242.7,1071,45429,5Y | 11M | 29D,19.6
51,,30852.5,1571,45429,5Y | 11M | 29D,19.6
52,,34701.5,2000,45429,5Y | 11M | 29D,19.6
53,,16638.5,2980,45433,6Y | 2M | 29D,19.6
54,,15456.6,1414,45428,1Y | 0M | 0D,19.89
55,,15759.6,2909,45428,1Y | 0M | 0D,19.89
56,,18790.3,2606,45428,1Y | 0M | 0D,19.89
57,,19699.6,2667,45428,1Y | 0M | 0D,19.89
58,,12122.8,2909,45428,1Y | 0M | 0D,19.89
59,,30276.7,2450,45433,6Y | 3M | 29D,17.94
60,,28731,2702,45433,6Y | 3M | 29D,19.89
61,,28337,2111,45436,5Y | 11M | 29D,17.94
62,,4284.6,398,45428,1Y | 10M | 30D,19.89
63,,3309,453,45428,1Y | 10M | 30D,19.89
64,,14792.6,1650,45436,5Y | 3M | 29D,19.89
65,,8546.6,2172,45425,6Y | 3M | 29D,19.6
66,,22609,2622,45425,1Y | 0M | 24D,19.89
67,,3151.9,2273,45434,5Y | 11M | 29D,19.89
68,,39550.6,2829,45434,5Y | 11M | 29D,17.94
69,,15305,2339,45440,5Y | 11M | 29D,17.94
70,,30125.2,2354,45434,5Y | 11M | 29D,17.94
71,,32840.7,2263,45440,5Y | 11M | 29D,17.98
72,,17731.7,3466,45432,6Y | 4M | 29D,18
73,,7940.4,1339,45441,5Y | 11M | 29D,17.94
74,,10759,571,45435,5Y | 11M | 29D,17.94
75,,7334.3,1430,45441,5Y | 11M | 29D,17.94
76,,26033.7,1182,45432,1Y | 3M | 29D,17.94
77,,9331.8,2415,45450,5Y | 11M | 29D,19.89
78,,11092.4,1929,45450,5Y | 11M | 29D,19.89
79,,6910,480,45440,5Y | 11M | 29D,17.94
80,,3303.5,1546,45453,5Y | 11M | 29D,19.89
81,,10304.4,1228,45453,5Y | 11M | 29D,19.89
82,,23912.2,1712,45441,5Y | 11M | 29D,19.89
83,,37156.4,1596,45441,5Y | 11M | 29D,19.89
84,,27785.9,1164,45442,5Y | 11M | 29D,19.89
85,,13941.2,2606,45435,1Y | 0M | 0D,19.89
86,,17578.1,2485,45435,1Y | 0M | 0D,19.89
87,,13335.1,1465,45435,1Y | 0M | 0D,19.89
88,,15153.5,2318,45435,1Y | 0M | 0D,19.89
89,,36258.3,3190,45454,5Y | 11M | 29D,19.89
90,,28549.2,1455,45440,5Y | 11M | 29D,19.6
91,,37944.4,2652,45446,6Y | 2M | 29D,19.6
92,,8486,2349,45446,5Y | 11M | 29D,18
93,,25306.3,1318,45446,5Y | 11M | 29D,17.94
94,,24245.6,2702,45446,5Y | 11M | 29D,17.94
95,,26973.2,2495,45457,5Y | 11M | 29D,19.89
96,,10849.9,1869,45441,5Y | 3M | 29D,19.89
97,,27488.4,1515,45446,5Y | 11M | 29D,19.6
98,,11031.7,1869,45443,6Y | 2M | 29D,19.89
99,,32648.2,2052,45441,5Y | 3M | 29D,17.94
100,,7310.4,463,45446,5Y | 11M | 29D,17.94
101,,19517.7,1515,45440,5Y | 2M | 29D,17.94
102,,12304.6,884,45447,5Y | 11M | 29D,17.94
103,,11832,640,45447,5Y | 11M | 29D,19.89
104,,5121.9,788,45440,5Y | 1M | 29D,19.94
105,,6243.2,1768,45447,5Y | 3M | 29D,19.6
106,,12642.5,3663,45453,5Y | 11M | 29D,19.6
107,,3939.9,2909,45440,1Y | 0M | 29D,19.89
108,,3846.7,473,45453,1Y | 11M | 29D,19.6
109,,26791.4,1664,45448,5Y | 11M | 29D,18.89
110,,5031,2743,45448,5Y | 2M | 29D,19.89
111,,41187.3,1712,45448,4Y | 11M | 29D,19.89
112,,9698.2,1667,45446,4Y | 3M | 29D,19.6
113,,1424.4,1435,45449,5Y | 11M | 29D,19.89
114,,21518,2071,45449,4Y | 11M | 29D,19.89
115,,13910.9,772,45440,5Y | 2M | 29D,17.94
116,,22336.4,1338,45446,5Y | 11M | 29D,19.6
117,,13516.9,1036,45450,4Y | 11M | 29D,19.89
118,,28246.1,2793,45450,4Y | 11M | 29D,19.89
119,,48673,1631,45450,5Y | 11M | 29D,18.89
120,,2727.6,1768,45447,1Y | 0M | 29D,19.89
121,,23578.8,1247,45453,4Y | 11M | 29D,17.94
122,,27185.4,2071,45453,5Y | 2M | 29D,19.89
123,,14032.1,1515,45455,5Y | 11M | 29D,19.6
124,,20426.9,2086,45460,4Y | 11M | 29D,17.94
125,,19729.9,1536,45460,4Y | 11M | 29D,17.94
126,,4438.5,473,45455,1Y | 11M | 29D,19.6
127,,28791.7,2167,45453,4Y | 11M | 29D,17.94
128,,39126.3,1616,45454,5Y | 11M | 29D,17.94
129,,28640.1,1424,45453,4Y | 11M | 29D,17.94
130,,26003.4,1339,45455,5Y | 11M | 29D,17.94
131,,10798.3,2513,45455,5Y | 11M | 29D,19.6
132,,19002.5,2879,45446,6Y | 2M | 29D,19.89
133,,31670.8,1940,45460,4Y | 11M | 29D,17.94
134,,32004.2,1783,45456,5Y | 11M | 29D,17.94
135,,19820.8,869,45457,5Y | 11M | 29D,17.94
136,,28518.9,1283,45460,5Y | 11M | 29D,17.94
137,,26730.8,1334,45461,5Y | 11M | 29D,17.94
138,,18669.1,829,45462,5Y | 11M | 29D,17.94
139,,15732.3,704,45463,5Y | 11M | 29D,17.94
140,,38520.2,2591,45464,5Y | 11M | 29D,17.94
141,,15274.7,2425,45456,5Y | 11M | 29D,19.89
142,,9789.2,2071,45456,6Y | 2M | 29D,19.6
143,,24851.7,2672,45456,4Y | 11M | 29D,19.89
144,,15577.8,2809,45456,4Y | 11M | 29D,19.89
145,,15547.5,3369,45456,4Y | 11M | 29D,19.89
146,,34247,2248,45460,6Y | 2M | 29D,19.6
147,,9213.3,2460,45457,5Y | 11M | 29D,19.89
148,,34974.3,1334,45457,5Y | 11M | 29D,19.89
149,,12456.2,2066,45449,6Y | 3M | 29D,19.6
150,,25700.3,1717,45453,1Y | 3M | 29D,19.89
151,,19729.9,2510,45463,5Y | 11M | 29D,19.89
152,,10849.9,1824,45463,5Y | 11M | 29D,19.89
153,,19942,2147,45467,5Y | 2M | 29D,19.89
154,,24730.5,1323,45455,5Y | 11M | 29D,19.89
155,,3576.2,2354,45457,6Y | 0M | 29D,19.89
156,,19548,1995,45456,5Y | 3M | 29D,19.6
157,,4734.4,414,45457,1Y | 11M | 29D,19.6
158,,3576.2,1010,45460,5Y | 11M | 29D,19.6
159,,7698,1829,45460,5Y | 11M | 29D,19.6
160,,25094.2,1389,45461,5Y | 11M | 29D,17.94
161,,6668.6,454,45462,5Y | 11M | 29D,17.94
162,,34459.1,1904,45450,1Y | 3M | 29D,17.94
163,,33943.8,3087,45463,6Y | 2M | 29D,19.6
164,,35519.8,2546,45457,1Y | 3M | 29D,19.89
165,,1909.3,1970,45470,6Y | 2M | 29D,14.5
166,,24730.5,1616,45461,5Y | 1M | 29D,19.89
167,,9486.1,2879,45460,1Y | 11M | 29D,19.6
168,,48733.7,1312,45467,5Y | 11M | 29D,19.89
169,,36641.2,3076,45467,1Y | 11M | 29D,19.89
170,,32004.2,1419,45469,5Y | 11M | 29D,19.89
171,,5031,245,45469,5Y | 11M | 29D,19.89
172,,19820.8,2844,45467,1Y | 1M | 29D,17.94
173,,7273.7,2667,45462,5Y | 2M | 29D,17.94
174,,47097.1,1828,45467,1Y | 2M | 29D,17.94
175,,25700.3,3182,45468,6Y | 0M | 29D,19.89
176,,8425.3,2425,45467,1Y | 1M | 29D,17.94
177,,6394.8,1818,45469,5Y | 11M | 29D,19.6
178,,12577.4,2121,45474,5Y | 2M | 29D,19.6
179,,10962.2,2318,45483,6Y | 1M | 29D,19.89
180,,26548.9,1838,45483,5Y | 1M | 29D,19.89
181,,5697.7,2460,45471,5Y | 2M | 29D,19.6
182,,14918.3,626,45463,1Y | 3M | 29D,19.89
183,,38058.3,2293,45471,6Y | 2M | 29D,19.89
184,,9395.2,2172,45481,5Y | 1M | 29D,19.6
185,,11274.2,1778,45468,5Y | 11M | 29D,19.89
186,,25791.2,1828,45468,5Y | 11M | 29D,19.89
187,,39581.1,2842,45468,5Y | 11M | 29D,19.89
188,,2545.8,2111,45474,6Y | 2M | 29D,19.6
189,,3030.7,960,45474,1Y | 1M | 29D,19.89
190,,3030.7,859,45474,1Y | 1M | 29D,19.89
191,,24579,2829,45478,6Y | 1M | 29D,19.89
192,,7576.8,2909,45474,1Y | 1M | 29D,19.89
193,,6843.4,451,45482,6Y | 0M | 29D,17.94
194,,15396,1894,45481,5Y | 1M | 29D,19.6
195,,10152.8,1561,45481,5Y | 1M | 29D,19.6
196,,8031.4,2172,45481,5Y | 11M | 29D,19.6
197,,15880.9,3526,45481,5Y | 11M | 29D,19.89
198,,8516.3,2172,45481,5Y | 11M | 29D,19.6
199,,42057.2,1048,45481,5Y | 11M | 29D,19.89
200,,18729.7,1869,45484,6Y | 2M | 29D,19.6
201,,13712.9,579,45474,1Y | 2M | 29D,19.89
202,,34095.4,1768,45474,1Y | 2M | 29D,19.89
203,,20608.8,1667,45485,1Y | 2M | 29D,19.89
204,,13941.2,1061,45485,1Y | 2M | 29D,19.89
205,,30701,2425,45488,6Y | 1M | 29D,19.6
206,,3151.9,2197,45490,6Y | 0M | 29D,19.89
207,,5546.2,2642,45488,6Y | 1M | 29D,19.89
208,,12638,3010,45481,5Y | 11M | 29D,19.89
209,,6970.6,2248,45530,1Y | 9M | 29D,24.96
210,,8789,2222,45533,1Y | 9M | 29D,19.6
211,,18457,2405,45552,5Y | 11M | 29D,25.25
212,,5031,1924,45558,4Y | 11M | 29D,24.96
213,,11789.4,1010,45551,5Y | 11M | 29D,23.3
214,,10201.3,3074,45551,5Y | 11M | 29D,24.96
0214B,,,,,,24.96
215,,12547.1,2475,45551,5Y | 11M | 29D,24.96
216,,,,45539,1Y | 6M | 30D,0
217,,16487,1450,45541,6Y | 0M | 29D,25.25
218,,6606.9,1384,45548,1Y | 11M | 29D,25.25
219,,26518.6,1692,45544,4Y | 11M | 29D,0
220,,33640.8,1944,45551,5Y | 0M | 29D,23.36
0220B,,,,,,0
221,,10376.7,3310,45555,5Y | 11M | 29D,24.96
0221B,,,,,,0
222,,,,45547,5Y | 11M | 29D,24.96
223,,24275.9,1869,45548,3Y | 10M | 9D,25.25
224,,48248.7,2425,45541,6Y | 0M | 29D,23.3
225,,13032,2667,45538,1Y | 6M | 30D,25.25
226,,3636.8,2667,45538,1Y | 6M | 30D,25.25
227,,6061.4,2369,45538,1Y | 6M | 30D,25.25
228,,2727.6,1768,45539,1Y | 6M | 30D,24.87
229,,61674.7,3031,45540,5Y | 0M | 29D,22.92
230,,18032.7,2728,45551,4Y | 10M | 29D,23.3
231,,4303.6,1313,45545,5Y | 10M | 29D,24.87
232,,8546.6,2172,45546,6Y | 0M | 29D,24.96
233,,39308.2,3581,45538,4Y | 0M | 29D,24.96
234,,20699.7,2783,45541,5Y | 11M | 29D,25.25
235,,6485.7,2500,45540,4Y | 0M | 29D,25.25
236,,10001.3,2753,45544,5Y | 11M | 29D,19.86
237,,27094.5,2324,45541,5Y | 11M | 29D,22.92
238,,8486,833,45551,5Y | 10M | 29D,24.96
239,,12304.6,2207,45539,1Y | 9M | 29D,24.96
240,,21063.4,2723,45530,1Y | 9M | 29D,24.96
241,,23063.6,2511,45530,6Y | 0M | 29D,24.96
242,,30337.3,2576,45530,5Y | 11M | 29D,24.96
243,,36883.6,2945,45555,1Y | 11M | 2D,24.96
244,,4364.2,651,45524,5Y | 1M | 29D,25.25
245,,19942,2198,45534,3Y | 0M | 29D,25.25
246,,38186.8,2359,45526,6Y | 0M | 29D,24.87
247,,32064.8,4465,45526,6Y | 0M | 29D,24.87
248,,30307,1313,45538,3Y | 11M | 29D,23.36
0248B,,,,,,0
249,,9728.5,1839,45553,6Y | 0M | 29D,23.3
250,,18457,2405,,5Y | 11M | 29D,25.25
251,,8576.9,2152,45531,6Y | 0M | 29D,24.87
252,,18184.2,2500,45525,1Y | 0M | 29D,25.25
253,,15517.2,3106,45526,5Y | 0M | 29D,25.25
0253B,,,,,,0
254,,12122.8,2758,45551,5Y | 11M | 29D,23.3
255,,13698.8,2121,45541,6Y | 0M | 29D,25.25
256,,6849.4,1556,45526,4Y | 0M | 29D,25.25
257,,10213.5,1111,45530,6Y | 0M | 29D,23.36
258,,13486.6,1697,45523,5Y | 11M | 29D,22.92
259,,31701.1,2854,45530,5Y | 0M | 29D,23.3
260,,8106.6,2035,45527,6Y | 0M | 29D,24.96
0260B,,,,,,0
261,,29458.4,4041,45516,6Y | 1M | 29D,24.96
0261B,,,,,,0
262,,8486,636,45517,6Y | 1M | 29D,25.25
263,,13183.5,2071,45530,1Y | 0M | 19D,25.25
264,,9546.7,1869,45516,5Y | 0M | 29D,24.96
265,,10122.5,2425,45523,5Y | 0M | 29D,23.3
266,,36156.3,1626,45516,6Y | 0M | 29D,23.3
267,,15759.6,808,45516,1Y | 0M | 23D,24.87
268,,13032,2909,45516,1Y | 0M | 23D,24.87
269,,18790.3,2909,45516,1Y | 0M | 23D,24.87
270,,18305.4,1379,45518,6Y | 0M | 29D,24.96
271,,8243.5,1440,45511,4Y | 10M | 29D,24.58
272,,5576.5,1434,45502,6Y | 0M | 29D,#VALUE!
273,,61783.7,2577,45516,1Y | 11M | 29D,24.87
0273B,,,,,,0
0273C,,,,,,0
274,,18820.6,2283,45559,5Y | 11M | 29D,23.3
275,,27276.3,2702,45552,5Y | 11M | 29D,23.3
276,,,,45539,1Y | 6M | 30D,25.25
277,,18547.9,2627,45516,6Y | 0M | 29D,24.58
278,,8607.2,2420,45511,1Y | 10M | 29D,24.58
279,,17275,2758,45510,1Y | 10M | 29D,24.58
280,,13759.4,1212,45520,6Y | 0M | 29D,24.58
281,,6849.4,1743,45502,5Y | 0M | 29D,24.58
282,,13041,1148,45502,5Y | 0M | 29D,24.58
0282B,,,,,,0
283,,21163.4,920,45504,5Y | 0M | 29D,24.87
0283B,,,,,,0
284,,5637.1,1313,45503,5Y | 1M | 29D,24.87
285,," 6,970.6",2485,45502,1Y | 1M | 29D,24.87
286,,6667.5,1970,45506,6Y | 1M | 29D,24.87
287,,14244.3,2788,45502,1Y | 1M | 29D,24.87
288,,28124.9,4546,45509,5Y | 0M | 29D,24.87
0288B,,,,,,0
289,,46672.7,4546,45509,5Y | 0M | 29D,24.87
0289B,,,,,,0
290,,2727.6,2727.6,45502,1Y | 1M | 29D,24.87
291,,3939.9,2909,45502,1Y | 1M | 29D,24.87
292,,10304.4,2849,45502,1Y | 1M | 29D,24.87
293,,2727.6,2121,45502,1Y | 1M | 29D,24.87
294,,14608,1414,45524,5Y | 11M | 29D,24.58
295,,12850.2,2501,45498,6Y | 0M | 29D,22.98
0295B,,,,,,0
296,,"4,849.1",2667,45502,1Y | 1M | 29D,24.87
297,,9910.4,1950,45513,5Y | 0M | 29D,24.87
298,,17426.5,1106,45485,1Y | 2M | 29D,24.87
299,,20396.6,2121,45495,6Y | 0M | 29D,23.59
300,,9092.1,2258,45552,1Y | 6M | 30D,24.87
301,,27518.8,2803,45559,5Y | 10M | 29D,22.92
302,,8182.9,960,45552,1Y | 6M | 30D,24.87
303,,"20,790.6",2399,45495,6Y | 1M | 29D,24.58
304,,9849.8,1844,45496,6Y | 0M | 29D,22.98
305,,8182.9,1869,45506,5Y | 11M | 29D,22.92
306,,21730.1,1818,45555,1Y | 11M | 29D,23.36
307,,12547.1,2475,45488,6Y | 1M | 29D,24.58
308,,12941.1,1844,45489,6Y | 1M | 29D,24.87
309,,12660.7,2269,45490,6Y | 1M | 29D,22.98
0309B,,,,,,0
310,,6425.1,2576,45485,5Y | 11M | 29D,24.58
311,,"1,943.8",229,45489,6Y | 1M | 29D,24.58
0311B,,,,,,0
312,,28549.2,2399,45481,6Y | 0M | 29D,22.92
313,,10910.5,2485,45565,0Y | 11M | 2D,24.96
314,,11213.6,2606,45565,0Y | 11M | 2D,24.96
315,,14880.7,732,45552,1Y | 11M | 29D,23.3
316,,9698.2,2172,45565,0Y | 11M | 2D,24.96
317,,39429.4,2212,45560,5Y | 11M | 29D,23.3
318,,26245.9,2789,45552,1Y | 11M | 29D,23.3
319,,8425.3,2425,45558,6Y | 0M | 29D,23.3
320,,11577.3,1717,45565,5Y | 10M | 29D,24.96
321,,20305.7,2485,45565,0Y | 11M | 2D,24.96
322,,7273.7,2430,45572,5Y | 11M | 29D,25.25
323,,9395.2,2258,45572,0Y | 11M | 2D,24.96
324,,"9,395.2",2318,45565,0Y | 11M | 2D,24.96
325,,"13,941.2",1869,45565,0Y | 11M | 2D,24.96
326,,17578.1,2788,45565,0Y | 11M | 2D,24.96
327,,11516.7,960,45565,0Y | 11M | 2D,24.96
328,,10910.5,2425,45565,0Y | 11M | 2D,24.96
329,,6970.6,1616,45565,0Y | 11M | 2D,24.96
330,,10910.5,2425,45565,0Y | 11M | 2D,24.96
331,,24783,1960,45559,3Y | 11M | 29D,25.25
0331B,,,,,,0
0331C,,,,,,0
332,,11718.7,1845,45553,1Y | 11M | 19D,24.96
0332B,,,,,,0
0332C,,,,,,0
333,,12062.9,3664,45561,1Y | 8M | 29D,24.96
0333B,,,,,,0
334,,13335.1,2606,45554,1Y | 5M | 30D,24.87
335,,14850.4,2728,45565,0Y | 11M | 2D,24.96
336,,14153.4,2586,45566,4Y | 10M | 29D,25.25
337,,9001.2,2521,45565,0Y | 11M | 29D,23.36
338,,29580.3,2328,45566,4Y | 10M | 29D,23.3
338B,,,,,,0
339,,8869.7,2418,45561,5Y | 11M | 29D,25.25
339B,,,,,,0
340,,10070.5,1744,45569,4Y | 10M | 29D,24.96
340B,,,,,,0
341,,2606.4,803,45558,5Y | 10M | 29D,25.25
342,,21336.2,1465,45583,5Y | 10M | 29D,25.25
342B,,,,,,0
343,,31822.4,3031,45573,5Y | 11M | 29D,24.96
344,,11698.5,2809,45572,5Y | 10M | 29D,24.96
345,,11607.2,2899,45576,5Y | 10M | 29D,24.96
345B,,,,,,0
346,,26609.5,2010,45569,1Y | 11M | 29D,23.3
347,,"42,854.1",3031,45572,1Y | 11M | 25D,24.96
348,,2059.6,364,45581,1Y | 11M | 29D,24.96
349,,2763.6,335,45581,1Y | 11M | 29D,24.96
350,,2199.2,378,45581,1Y | 11M | 29D,24.96
351,,6061.4,2111,45572,5Y | 10M | 19D,23.3
352,,4543.9,378,45581,1Y | 11M | 29D,24.96
353,,8789,2121,45580,5Y | 10M | 29D,24.96
354,,2926.5,349,45581,1Y | 11M | 29D,24.96
355,,1978.1,378,45581,1Y | 11M | 29D,24.96
356,,16517.4,3233,45576,5Y | 11M | 29D,24.96
356B,,,,,,0
357,,3322.1,393,45581,1Y | 11M | 29D,24.96
358,,5455.3,606,45574,1Y | 11M | 29D,25.25
359,,5758.3,2728,45574,1Y | 11M | 29D,25.25
360,,9910.4,1531,45576,1Y | 11M | 29D,24.96
361,,12971.4,2121,45582,5Y | 10M | 29D,24.96
362,,10061.9,2450,45580,5Y | 10M | 29D,24.96
363,,17184,3182,,,0
364,,,,,,0
365,,9910.4,1531,,,0
366,,3007.9,364,45581,1Y | 11M | 29D,24.96
367,,3083.5,364,45580,1Y | 11M | 29D,24.96
368,,23689.5,2884,45572,1Y | 11M | 29D,25.25
369,,2030.5,349,45581,1Y | 11M | 29D,24.96
370,,2862.5,364,45581,1Y | 11M | 29D,24.96
371,,2449.4,378,45581,1Y | 11M | 29D,24.96
372,,2437.7,320,45581,1Y | 11M | 29D,24.96
373,,2874.1,335,45580,1Y | 11M | 29D,24.96
374,,2373.7,364,45580,1Y | 11M | 29D,24.96
375,,2763.6,378,45580,1Y | 11M | 29D,24.96
376,,2571.6,364,45581,1Y | 11M | 29D,24.96
377,,4334.4,436,45581,1Y | 11M | 29D,24.96
378,,2810.1,364,45581,1Y | 11M | 29D,24.96
379,,3153.4,364,45581,1Y | 11M | 29D,24.96
380,,1972.3,349,45581,1Y | 11M | 29D,24.96
381,,4276.2,364,45581,1Y | 11M | 29D,24.96
382,,3031.2,349,45581,1Y | 11M | 29D,24.96
383,,28337,2111,45586,5Y | 9M | 29D,23.3
384,,4357.9,1731,45586,5Y | 10M | 29D,24.96
384B,,,,,,0
385,,12759.2,1121,45588,5Y | 11M | 29D,23.3
386,,6485.7,2500,45581,1Y | 11M | 29D,25.25
387,,10940.8,2273,45590,6Y | 10M | 29D,19.86
388,,19729.9,2510,45580,4Y | 11M | 29D,25.25
389,,18396.3,2005,45586,5Y | 10M | 29D,25.25
390,,13335.1,2606,45580,1Y | 10M | 29D,25.25
391,,4091.4,3223,45575,1Y | 11M | 29D,25.25
392,,23689.5,2884,45583,1Y | 11M | 29D,25.25
392B,,,,,,0
393,,6122,1743,45587,1Y | 11M | 29D,24.96
394,,9532.3,2250,45587,1Y | 11M | 29D,24.96
394B,,,,,,0
395,,8334.4,1914,45588,1Y | 10M | 29D,23.36
396,,5273.4,1091,45576,6Y | 11M | 29D,23.36
397,,13971.5,2121,45587,5Y | 9M | 29D,24.96
398,,11759.1,2227,45586,5Y | 9M | 29D,23.3
399,,30397.9,3384,45594,5Y | 9M | 29D,23.3
400,,30519.2,2225,45593,5Y | 10M | 29D,25.25
400B,,,,,,0
400C,,,,,,0
401,,8486,2349,45576,1Y | 11M | 29D,23.36
402,,10637.8,2778,45603,4Y | 10M | 29D,25.25
403,,21942.3,3334,45603,4Y | 10M | 29D,25.25
404,,26094.3,2677,45601,1Y | 11M | 30D,25.25
405,,9637.6,1929,45604,1Y | 11M | 14D,24.96
406,,42429.8,3101,45607,4Y | 9M | 29D,25.25
407,,6485.7,2909,45596,1Y | 11M | 30D,25.25
408,,17214.4,1111,45674,6Y | 7M | 29D,24.96
409,,33034.6,1086,45666,5Y | 7M | 29D,25.25
410,,4333.9,2354,45726,5Y | 6M | 29D,24.96
411,,37762.5,1869,45678,1Y | 11M | 21D,24.96
412,,,,45709,6Y | 6M | 29D,24.96
413,,4435.3,417,45679,1Y | 6M | 29D,25.25
414,,17396.2,1960,45678,5Y | 7M | 29D,24.96
415,,5889,471,45679,1Y | 7M | 29D,24.96
0415B,,,,,,0
416,,4416.8,442,45679,1Y | 7M | 29D,24.96
0416B,,,,,,0
417,,5889,471,45679,1Y | 7M | 29D,24.96
0417B,,,,,,0
418,,22912.1,2046,45695,5Y | 6M | 29D,25.25
419,,12698.6,1440,45692,5Y | 5M | 29D,24.96
420,,24783,1960,45673,1Y | 8M | 29D,25.25
0420B,,,,,,0
421,,25518.5,1314,45686,6Y | 7M | 29D,23.3
422,,80010.5,3132,45679,5Y | 7M | 29D,24.96
423,,7516.1,2728,45678,5Y | 8M | 29D,25.25
424,,7213.1,1768,45678,6Y | 3M | 29D,24.96
425,,16426.4,2056,45698,6Y | 1M | 29D,25.25
426,,39096,1455,45692,6Y | 1M | 29D,23.3
0426B,,,,,,0
427,,9849.8,2056,45700,5Y | 6M | 29D,25.25
428,,9910.4,1980,45684,1Y | 7M | 29D,25.25
429,,11304.5,2576,45691,6Y | 6M | 29D,24.96
430,,4195.1,2326,45691,4Y | 7M | 29D,24.96
0430B,,,,,,0
431,,2151.8,2172,45692,5Y | 7M | 29D,24.96
432,,2424.6,2096,45692,1Y | 7M | 29D,24.96
433,,2273,1869,45692,1Y | 7M | 29D,24.96
434,,11266,1862,45691,6Y | 1M | 29D,24.96
0434B,,,,,,0
435,,20548.1,2223,45698,5Y | 1M | 29D,26
436,,10061.9,2475,45691,1Y | 7M | 29D,25.25
437,,8849.6,2294,45691,1Y | 7M | 29D,25.25
0437B,,,,,,0
438,,1515.4,1071,45698,6Y | 8M | 30D,24.96
439,,2485.2,662,45698,6Y | 8M | 30D,24.96
440,,16108,793,45692,5Y | 1M | 29D,25.25
441,,1893.8,405,45698,1Y | 11M | 29D,24.96
0441B,,,,,,0
442,,4030.8,551,45700,1Y | 7M | 29D,25.25
443,,7576.8,2909,45698,1Y | 11M | 9D,25.25
444,,10061.9,2576,45699,1Y | 7M | 29D,24.96
445,,7637.4,1778,45713,5Y | 6M | 29D,25.25
446,,7788.9,2425,45713,5Y | 6M | 29D,24.96
447,,7879.8,2425,45713,5Y | 6M | 29D,24.96
448,,15941.5,2985,45707,1Y | 11M | 26D,24.96
449,,21942.3,2121,45720,6Y | 6M | 30D,0
450,,16153.6,1263,45707,6Y | 1M | 29D,23.3
451,,20275.4,2197,45706,1Y | 11M | 25D,24.96
452,,56310.4,3208,45712,1Y | 6M | 29D,25.25
453,,11547,2632,45706,1Y | 11M | 26D,25.25
454,,22609,2622,45706,1Y | 11M | 24D,25.25
455,,2727.6,1753,45706,1Y | 6M | 29D,24.96
456,,2121.5,2046,45706,1Y | 6M | 29D,24.96
457,,28670.4,2379,45719,1Y | 11M | 11D,24.96
458,,12607.7,2126,45720,5Y | 0M | 29D,25.25
458B,,,,,,0
459,,18820.6,2728,45719,5Y | 0M | 29D,25.25
460,,12122.8,2424,45719,5Y | 0M | 29D,25.25
461,,11415.9,698,45716,7Y | 1M | 29D,24.96
461B,,,,,,0
461C,,,,,,0
461D,,,,,,0
461E,,,,,,0
462,,5758.3,2172,45726,1Y | 6M | 29D,25.25
463,,14244.3,2788,45726,1Y | 6M | 29D,25.25
464,,2727.6,2121,45726,1Y | 6M | 29D,25.25
465,,"2,424.6",606,45726,1Y | 0M | 30D,24.96
467,,10001.3,1919,45723,1Y | 0M | 30D,24.96
468,,"4,438.5",473,45698,1Y | 11M | 18D,24.96
469,,10546.8,2652,45699,1Y | 7M | 29D,25.25
470,,14941.4,2728,45707,1Y | 11M | 27D,23.36
471,,20396.6,1904,45712,6Y | 7M | 30D,24.96
472,,22215,2162,45707,6Y | 7M | 30D,24.96
473,,19851.1,1919,45719,6Y | 0M | 29D,25.25
474,,12456.2,1985,45726,5Y | 11M | 29D,23.3
475,,10001.3,2909,45719,1Y | 0M | 30D,25.25
476,,35974.4,1541,45734,5Y | 5M | 29D,23.3
477,,28943.2,2778,45723,5Y | 6M | 29D,24.96
478,,"26,124.6",2298,45720,6Y | 0M | 29D,23.3
479,,29428.1,1606,45719,1Y | 11M | 4D,24.96
480,,"68,493.8",1717,45733,3Y | 11M | 29D,25.25
0480B,,,,,,0
0480C,,,,,,0
0480D,,,,,,0
481,,28557.8,2283,45721,5Y | 5M | 29D,25.25
482,,19093.4,2369,45726,0Y | 11M | 19D,24.96
483,,,,45733,1Y | 6M | 29D,0
484,,,,45733,,0
485,,11728.8,1667,45729,6Y | 6M | 30D,24.16
486,,8001,404,45734,6Y | 0M | 29D,23.25
487,,18487.3,2909,45728,0Y | 11M | 9D,25.25
488,,11213.6,1970,45733,1Y | 6M | 29D,23.36
489,,8253.7,1471,45726,6Y | 0M | 29D,25.25
0481A,,,,,,0
489B,,,,,,0
489C,,,,,,0
490,,8576.9,2768,45716,7Y | 1M | 29D,24.96
491,,36823,2859,45719,1Y | 6M | 29D,23.3
492,,14426.1,2248,45723,5Y | 10M | 29D,24.96
493,,3818.7,2172,45726,6Y | 1M | 29D,25.25
494,,14911.1,1162,45719,1Y | 6M | 29D,25.25
495,,13092.6,1824,45741,5Y | 5M | 29D,24.96
496,,12425.9,2485,45728,1Y | 0M | 30D,24.96
497,,13335.1,2606,45733,1Y | 6M | 29D,23.36
498,,16062.7,2071,45733,1Y | 6M | 29D,23.36
499,,4849.1,859,45733,1Y | 6M | 29D,23.36
500,,3636.8,707,45733,1Y | 6M | 29D,23.36
501,,18396.3,2854,45735,5Y | 5M | 29D,25.25
0501B,,,,,,0
502,,20002.6,3031,45737,6Y | 7M | 30D,24.96
503,,15608.1,2515,45747,5Y | 11M | 29D,23.25
504,,2727.6,656,45736,1Y | 6M | 29D,23.36
505,,9395.2,1515,45736,1Y | 6M | 29D,23.36
506,,8789,1970,45736,1Y | 6M | 29D,23.36
507,,"9,455.8",1818,45740,5Y | 5M | 29D,24.96
508,,5758.3,960,45736,1Y | 6M | 29D,23.36
509,,7273.7,1515,45736,1Y | 6M | 29D,23.36
510,,9395.2,1717,45735,1Y | 6M | 29D,23.36
511,,8789,2788,45735,1Y | 6M | 29D,23.36
512,,6061.4,2667,45735,1Y | 6M | 29D,23.36
513,,10607.5,2606,45735,1Y | 6M | 29D,23.36
514,,5455.3,1414,45735,1Y | 6M | 29D,23.36
515,,4849.1,758,45735,1Y | 6M | 29D,23.36
516,,5758.3,1465,45735,1Y | 6M | 29D,23.36
617,,5758.3,1010,45735,1Y | 6M | 29D,23.36
618,,3939.9,656,45735,1Y | 6M | 29D,23.36
619,,24700.2,2652,45736,1Y | 5M | 29D,24.96
620,,,,45733,1Y | 6M | 29D,0
621,,,,45733,1Y | 6M | 29D,0
622,,,,45733,1Y | 6M | 29D,23.36
623,,23851.6,1581,45734,6Y | 6M | 30D,23.3
624,,21518,2197,45727,5Y | 6M | 29D,25.25
625,,29609.9,2571,45723,1Y | 6M | 29D,25.25
626,,39096,2501,45736,6Y | 5M | 29D,25.25
627,,9304.2,2096,45720,6Y | 1M | 29D,24.96
628,,21699.8,2349,45729,6Y | 5M | 29D,24.96
629,,14729.2,2248,45734,6Y | 4M | 30D,23.36
630,,,,45736,1Y | 6M | 29D,0
631,,7273.7,1515,45736,1Y | 6M | 29D,23.36
632,,4818.8,1818,45736,5Y | 11M | 29D,24.96
633,,33701.4,2980,45712,5Y | 6M | 29D,0
634,,10365,2500,46000,5Y | 9M | 29D,24.96
635,,18184.2,2121,45629,1Y | 11M | 1D,25.25
636,,18487.3,1152,45629,1Y | 11M | 1D,25.25
637,,7576.8,2606,45629,1Y | 11M | 1D,25.25
638,,13941.2,2606,45629,1Y | 11M | 1D,25.25
639,,12728.9,2606,45629,1Y | 11M | 1D,25.25
640,,16850.7,2297,45636,5Y | 8M | 29D,23.3
0640A,,,,,,0
641,,12456.2,1818,45636,5Y | 8M | 29D,25.25
642,,14547.4,2020,45623,1Y | 11M | 1D,25.25
643,,14244.3,2222,45623,1Y | 11M | 1D,25.25
644,,11516.7,2606,45623,1Y | 11M | 1D,25.25
645,,11971.3,2854,45621,5Y | 9M | 29D,25.25
646,,12129.2,1683,45629,5Y | 9M | 29D,24.96
0646B,,,,,,0
0646C,,,,,,0
647,,42551,2561,45621,5Y | 9M | 29D,25.25
648,,4243,2071,45622,2Y | 0M | 2D,25.25
650,,6364.5,2258,45622,2Y | 0M | 2D,25.25
649,,8789,1616,45622,2Y | 0M | 2D,25.25
651,,30519.1,1470,45628,4Y | 9M | 29D,25.25
652,,24397.1,1020,45628,4Y | 9M | 29D,25.25
653,,9455.8,995,45629,5Y | 7M | 29D,25.25
654,,25700.3,2222,45621,1Y | 9M | 29D,25.25
655,,7516.1,1970,45625,1Y | 11M | 29D,25.25
656,,11516.7,2788,45622,1Y | 0M | 1D,25.25
657,,30973.8,2930,45618,5Y | 9M | 29D,23.3
658,,3818.7,1637,45614,5Y | 9M | 29D,25.25
659,,8940.6,2854,12/20/224,5Y | 9M | 29D,25.25
660,,6970.6,2960,45616,5Y | 8M | 29D,25.25
661,,13941.2,1667,45737,1Y | 6M | 29D,23.36
662,,14244.3,1667,45744,1Y | 5M | 29D,23.36
663,,9395.2,1616,45737,1Y | 6M | 29D,23.36
664,,25761,3399,45737,1Y | 6M | 29D,23.36
0664B,,,,,,0
665,,3939.9,1061,45737,1Y | 6M | 29D,23.36
666,,10001.3,1212,45747,1Y | 5M | 29D,23.36
667,,7576.8,1263,45733,1Y | 6M | 29D,23.36
668,,7879.8,1212,45744,1Y | 5M | 29D,23.36
669,,9516.4,2546,45751,5Y | 4M | 29D,25.25
670,,6061.4,1061,45747,1Y | 5M | 29D,23.36
671,,"6,364.5",2369,45744,1Y | 0M | 13D,25.25
672,,19093.4,2667,45744,1Y | 0M | 13D,25.25
673,,11516.7,2606,45747,1Y | 0M | 13D,25.25
674,,14244.3,2606,45747,1Y | 0M | 13D,25.25
675,,28761.3,1869,45748,5Y | 5M | 29D,25.25
676,,10649.4,3310,45740,1Y | 11M | 25D,24.96
0676B,,,,,,0
677,,3939.9,2909,45706,1Y | 7M | 29D,23.3
678,,22881.8,2394,45706,1Y | 6M | 29D,24.96
679,,5273.4,2425,45702,6Y | 6M | 30D,23.3
680,,2727.6,546,45742,5Y | 0M | 29D,25.25
681,,5515.9,1970,45744,6Y | 6M | 30D,19.86
682,,23730.4,1359,45748,6Y | 5M | 30D,23.3
683,,16365.8,2667,45737,1Y | 6M | 29D,23.36
684,,5273.4,1672,45740,1Y | 5M | 29D,24.96
685,,32246.6,2177,45756,6Y | 4M | 30D,23.3
686,,7425.2,1323,45749,6Y | 0M | 29D,23.3
687,,8001,404,45748,6Y | 0M | 29D,23.25
688,,15153.5,3031,45749,1Y | 0M | 15D,25.25
689,,"17,578.1",3031,45749,1Y | 0M | 15D,25.25
690,,20214.8,2677,45747,5Y | 11M | 29D,24.96
691,,19093.4,2172,45737,6Y | 4M | 29D,24.96
692,,12365.3,2576,45766,1Y | 11M | 15D,24.96
693,,11547,1536,45761,4Y | 11M | 29D,25.25
694,,5152.2,2121,45770,5Y | 3M | 29D,25.25
695,,3939.9,2909,45768,1Y | 0M | 29D,25.25
696,,"8,486.0",1667,45765,6Y | 4M | 29D,24.96
697,,2485.2,2222,45764,5Y | 11M | 29D,24.96
698,,19093.4,2197,45754,5Y | 4M | 29D,23.3
699,,27518.8,2803,45747,6Y | 0M | 29D,23.3
700,,2121.5,1263,45749,1Y | 0M | 29D,23.3
701,,21578.6,3637,45754,1Y | 11M | 22D,24.96
0701B,,,,,,0
702,,7545,2401,45758,5Y | 4M | 29D,24.96
0702B,,,,,,0
703,,52491.8,3313,45762,5Y | 10M | 29D,23.36
0703B,,,,,,0
0703C,,,,,,0
0703D,,,,,,0
0703E,,,,,,0
0703F,,,,,,0
704,,13274.5,2213,45762,5Y | 10M | 29D,23.36
705,,12062.2,2576,45770,6Y | 0M | 30D,25.25
706,,47097.1,1828,45770,6Y | 0M | 30D,25.25
707,,14426.1,1601,45770,6Y | 0M | 30D,25.25
708,,13880.6,1318,45772,5Y | 11M | 29D,23.3
709,,33610.5,2243,45764,5Y | 3M | 29D,25.25
710,,25336.7,2349,45761,1Y | 5M | 29D,24.96
711,,7637.4,1778,45764,5Y | 3M | 29D,25.25
712,,33247.9,2823,45765,1Y | 11M | 29D,25.25
0712B,,,,,,0
0712C,,,,,,0
0712D,,,,,,0
0712E,,,,,,0
0712F,,,,,,0
713,,15426.3,1743,45761,1Y | 11M | 22D,24.96
714,,20699.7,2783,45762,6Y | 0M | 29D,25.25
715,,29609.9,2627,45765,5Y | 4M | 29D,25.25
716,,3322.1,393,45763,1Y | 4M | 29D,24.96
717,,1545.7,2576,45763,1Y | 5M | 29D,24.96
718,,16244.6,1465,45777,6Y | 0M | 30D,23.3
719,,13456.3,2500,45789,3Y | 1M | 29D,23.36
720,,26033.7,1182,45777,6Y | 0M | 30D,23.3
721,,"12,062.2",2222,45775,5Y | 11M | 29D,26
722,,40823.8,3122,45768,1Y | 11M | 29D,23.36
0722B,,,,,,0
0722C,,,,,,0
0722D,,,,,,0
723,,12274.3,2753,45790,3Y | 0M | 29D,23.3
724,,30307,3066,45786,5Y | 3M | 29D,25.25
725,,26124.6,2298,45775,5Y | 11M | 29D,23.3
726,,40823.8,3122,45776,1Y | 10M | 29D,23.36
726B,,,,,,0
726C,,,,,,0
726D,,,,,,0
727,,1515.4,909,45772,1Y | 11M | 29D,25.25
728,,14244.3,1177,45775,6Y | 0M | 30D,23.3
729,,18517.6,1288,45777,6Y | 5M | 30D,23.3
730,,"15,153.5",2728,45778,0Y | 11M | 29D,25.25
731,,80434.8,3177,45770,5Y | 4M | 29D,23.3
732,,21305.8,1384,45775,5Y | 4M | 29D,24.96
733,,38641.4,1945,45775,6Y | 5M | 30D,23.3
734,,9819.5,2046,45782,5Y | 6M | 29D,19.86
735,,12728.9,1465,45782,5Y | 6M | 29D,23.36
736,,3788.4,1086,45782,5Y | 6M | 29D,23.36
737,,24851.7,1945,45782,5Y | 6M | 29D,24.96
738,,18123.6,2248,45782,5Y | 6M | 29D,24.96
739,,18790.4,1849,45782,5Y | 6M | 29D,24.96
0739B,,,,,,0
740,,12365.3,1637,45782,5Y | 6M | 29D,0
0740B,,,,,,0
0740C,,,,,,0
741,,39550.6,2789,45775,5Y | 4M | 29D,24.96
742,,43568.7,2957,45782,5Y | 4M | 29D,24.96
0742B,,,,,,0
0742C,,,,,,0
0742D,,,,,,0
743,,7637.4,2137,45783,5Y | 6M | 29D,23.3
744,,15153.5,2909,45784,1Y | 11M | 29D,25.25
745,,9849.8,722,45793,5Y | 6M | 29D,23.3
746,,2576.1,2021,45784,6Y | 0M | 30D,23.3
747,,9698.4,858,45793,5Y | 6M | 29D,24.96
747B,,,,,,0
747C,,,,,,0
747D,,,,,,0
748,,36247.2,1566,45784,5Y | 6M | 29D,23.3
749,,18760,1440,45776,5Y | 4M | 29D,23.3
750,,5728,1818,45793,5Y | 6M | 29D,19.86
751,,7576.8,2909,45784,0Y | 11M | 29D,25.25
752,,24154.7,2586,45785,1Y | 4M | 29D,24.96
753,,24397.1,2829,45775,5Y | 6M | 29D,25.25
754,,25700.3,2879,45782,5Y | 4M | 29D,25.25
755,,"32,004.2",2086,45793,6Y | 0M | 30D,24.96
0755B,,,,,,0
0755C,,,,,,0
0755D,,,,,,0
0755E,,,,,,0
0755F,,,,,,0
0755G,,,,,,0
0755H,,,,,,0
756,,,,45793,6Y | 0M | 30D,24.96
0756B,,,,,,0
0756C,,,,,,0
0756D,,,,,,0
0756E,,,,,,0
0756F,,,,,,0
0756G,,,,,,0
0756H,,,,,,0
0756I,,,,,,0
0756J,,,,,,0
757,,"6,970.6",1818,45793,5Y | 6M | 29D,19.86
758,,13516.9,1894,45793,6Y | 0M | 30D,19.86
759,,"8,213.2",1818,45793,5Y | 6M | 29D,19.86
760,,16487,2137,45779,1Y | 11M | 7D,24.96
761,,25336.7,2349,45783,5Y | 4M | 29D,24.96
762,,17578.1,3031,45784,0Y | 11M | 29D,25.25
763,,2121.5,707,45782,0Y | 11M | 14D,24.96
764,,28852.3,2339,45772,6Y | 4M | 29D,24.96
765,,15426.3,626,45768,5Y | 4M | 29D,25.25
766,,24700.2,2652,45768,5Y | 4M | 29D,24.96
767,,28003.7,1854,45775,6Y | 0M | 30D,25.25
768,,46480.8,2245,45770,5Y | 10M | 29D,25.25
0768B,,,,,,0
769,,"39,400.3",2045,45775,6Y | 0M | 30D,23.3
0769B,,,,,,0
770,,28409,2459,45768,5Y | 10M | 29D,25.25
0770B,,,,,,0
771,,18790.3,2606,45469,1Y | 0M | 17D,25.25
772,,3939.9,2197,45490,6Y | 0M | 29D,25.25
773,,14153.4,2414,45491,1Y | 11M | 29D,24.96
774,,8546.6,2728,45492,5Y | 11M | 29D,24.58
775,,45339.3,2243,45484,1Y | 2M | 29D,23.3
776,,11493.7,1708,45770,0Y | 11M | 0D,24.96
0776B,,,,,,0
777,,24760.8,3006,45758,1Y | 2M | 29D,24.96
778,,19093.4,2369,45755,0Y | 11M | 16D,24.96
779,,18275.1,2778,45730,6Y | 4M | 29D,24.96
780,,28549.2,1455,45588,1Y | 7M | 29D,24.96
781,,4818.8,2122,45567,1Y | 8M | 29D,24.96
782,,37580.7,1919,45775,5Y | 10M | 29D,23.3
783,,19275.3,2576,45769,6Y | 5M | 30D,23.36
784,,27336.9,2521,45763,6Y | 0M | 29D,23.3
785,,34368.1,1667,45754,5Y | 5M | 29D,24.96
786,,27700.6,1879,45757,5Y | 6M | 29D,23.3
787,,5091.6,1945,45761,5Y | 4M | 29D,24.96
788,,"37,004.8",2394,45755,5Y | 4M | 29D,23.3
789,,31307.1,3081,45751,5Y | 10M | 29D,23.3
790,,18547.9,2627,45516,6Y | 0M | 29D,24.58
791,,4364.2,1389,45490,1Y | 10M | 29D,24.58
792,,16729.5,3016,45495,6Y | 0M | 29D,24.58
793,,37701.9,2803,45496,6Y | 0M | 29D,22.92
794,,,,,,0
795,,24579,3283,45496,6Y | 1M | 29D,24.87
796,,15547.5,3182,45496,4Y | 11M | 29D,24.87
0796C,,,,,,0
797,,"15,365.6",1944,45495,6Y | 1M | 29D,22.92
798,,"20,699.7",1818,45498,5Y | 11M | 29D,22.92
799,,31701.1,2854,45565,5Y | 10M | 29D,22.92
800,,9910.4,2622,45642,5Y | 8M | 29D,25.25
801,,7788.9,2354,45635,5Y | 9M | 29D,24.96
802,,27912.7,2616,45630,1Y | 6M | 29D,25.25
0802B,,,,,,0
803,,26973.2,2495,45642,5Y | 8M | 29D,25.25
804,,19093,4849,45635,1Y | 9M | 29D,24.96
804B,,,,,,0
805,,7394.9,1667,45652,4Y | 7M | 19D,25.25
806,,23851.6,1581,45636,6Y | 8M | 30D,23.3
0806B,,,,,,0
807,,13941.2,2369,45623,1Y | 11M | 1D,25.25
808,,"42,854.1",3031,45628,1Y | 9M | 29D,24.96
809,,5031,1924,45622,5Y | 9M | 29D,24.96
810,,18881.3,1677,45628,1Y | 9M | 29D,23.3
811,,23912.2,2662,45637,5Y | 7M | 29D,25.25
812,,9183,1970,45630,6Y | 9M | 29D,24.96
813,,"26,185.2",2854,45623,1Y | 11M | 5D,24.96
814,,26124.6,2425,45609,1Y | 11M | 14D,24.96
815,,46763.7,2157,45791,6Y | 0M | 30D,23.3
816,,15517.2,2015,45789,5Y | 6M | 29D,23.36
817,,11456,3010,45786,5Y | 10M | 29D,26
818,,7334.3,1829,45791,6Y | 0M | 30D,25.25
819,,11365.1,2425,45642,5Y | 9M | 29D,24.96
820,,6212.9,2728,45638,5Y | 9M | 29D,19.86
821,,21578.6,2056,45609,1Y | 11M | 14D,24.96
822,,25094.2,1389,45615,5Y | 8M | 29D,23.3
823,,"15,456.6",2500,45614,5Y | 11M | 29D,25.25
824,,4030.8,551,45611,1Y | 10M | 29D,25.25
825,,4758.2,899,45597,1Y | 10M | 29D,25.25
826,,24682.3,1500,45586,1Y | 11M | 29D,0
0826B,,,,,,0
0826C,,,,,,0
827,,6606.9,1384,45520,1Y | 0M | 29D,25.25
828,,18729.7,1869,45516,1Y | 11M | 15D,24.58
829,,5667.4,1430,45516,4Y | 11M | 29D,22.92
830,,14426.1,2248,45723,5Y | 10M | 29D,24.96
831,,32219.2,1423,45709,5Y | 7M | 30D,25.25
0831B,,,,,,0
0831C,,,,,,0
0831D,,,,,,0
0831E,,,,,,0
0831F,,,,,,0
0831G,,,,,,0
0831H,,,,,,0
0831I,,,,,,0
0831J,,,,,,0
0831K,,,,,,0
0831L,,,,,,0
0831M,,,,,,0
0831N,,,,,,0
832,,56310.4,3208,45712,1Y | 6M | 29D,25.25
0832b,,,,,,0
833,,"8,849.6",1045,45695,6Y | 7M | 30D,25.25
834,,5455.3,707,45664,1Y | 8M | 29D,23.36
835,,3939.9,1111,45667,1Y | 8M | 29D,23.36
836,,24153.7,2858,45656,6Y | 7M | 29D,25.25
0837B,,,,,,0
838,,8789,859,45663,5Y | 7M | 29D,24.96
0838B,,,,,,0
839,,23760.7,3410,45670,5Y | 7M | 29D,25.25
840,,"12,425.9",2061,45671,1Y | 8M | 29D,23.3
841,,8607.2,1728,45672,6Y | 6M | 29D,0
842,,10061.9,2450,45659,1Y | 8M | 29D,24.96
843,,"22,154.4",2111,45664,6Y | 2M | 29D,23.3
844,,42642,3055,45793,6Y | 0M | 30D,24.96
0844B,,,,,,0
0844C,,,,,,0
0844D,,,,,,0
0844E,,,,,,0
0844F,,,,,,0
0844G,,,,,,0
0844H,,,,,,0
0844I,,,,,,0
0844J,,,,,,0
845,,23669.8,2121,45782,1Y | 11M | 8D,25.25
0845B,,,,,,0
855,,"14,635.0",2075,45790,5Y | 4M | 29D,25.25
856,,7425.2,1874,45789,5Y | 6M | 29D,23.3
867,,12759.2,1935,45789,6Y | 0M | 30D,23.3
868,,5000.7,1591,45791,1Y | 10M | 29D,25.25
869,,10940.8,1642,45793,5Y | 10M | 29D,25.25
870,,3882.1,2250,45789,5Y | 4M | 29D,24.96
0870B,,,,,,0
871,,10455.9,1642,45793,5Y | 10M | 29D,25.25
872,,17887,770,45791,5Y | 10M | 29D,25.25
0872B,,,,,,0
873,,"7,516.1",2419,45814,6Y | 3M | 29D,24.96
874,,7728.3,1046,45791,6Y | 0M | 30D,23.3
875,,4515.7,1803,45789,5Y | 3M | 29D,24.96
876,,11425.7,1970,45789,5Y | 3M | 29D,24.96
877,,8304.1,1733,45783,1Y | 11M | 29D,25.25
878,,25124.5,2192,45791,5Y | 6M | 29D,23.3
879,,9455.8,1480,45793,6Y | 3M | 29D,24.96
880,,15396,2546,45798,6Y | 3M | 30D,25.25
881,,15153.5,3031,45796,0Y | 11M | 30D,25.25
882,,51218.8,2167,45796,5Y | 3M | 29D,25.25
883,,31458.7,2198,45792,6Y | 4M | 30D,23.36
0883B,,,,,,0
0883C,,,,,,0
884,,28791.7,2399,45793,6Y | 3M | 29D,24.96
885,,8031.4,2172,45793,1Y | 11M | 20D,24.96
886,,23821.3,3031,45799,1Y | 3M | 29D,24.96
887,,27276.3,3309,45797,5Y | 3M | 29D,25.25
0887B,,,,,,0
888,,22912.1,2425,45800,3Y | 3M | 29D,24.96
889,,9092.1,2606,45796,0Y | 11M | 30D,25.25
890,,"39,308.2",2586,45796,5Y | 10M | 29D,23.3
891,,4879.4,758,45796,5Y | 10M | 29D,25.25
892,,26548.9,1838,45807,5Y | 3M | 29D,25.25
893,,2485.2,2081,45796,1Y | 11M | 29D,23.3
894,,25882.2,2005,45797,6Y | 0M | 30D,23.3
895,,6667.5,1531,45796,5Y | 4M | 29D,25.25
896,,16850.7,2297,45805,6Y | 4M | 30D,23.3
896B,,,,,,0
897,,3939.9,2909,45810,1Y | 0M | 29D,25.25
898,,4663.5,373,45798,4Y | 10M | 29D,25.25
899,,4663.5,373,45798,4Y | 10M | 29D,25.25
900,,4663.5,373,45798,4Y | 10M | 29D,25.25
901,,4663.5,373,45798,4Y | 10M | 29D,25.25
902,,27761.2,1535,45800,5Y | 10M | 29D,23.3
903,,"59,250.2",2409,45805,6Y | 0M | 30D,25.25
903B,,,,,,0
904,,8910.3,2905,45804,5Y | 3M | 29D,25.25
905,,6546.3,2541,45807,6Y | 0M | 30D,23.3
906,,16335.5,2415,45804,6Y | 3M | 30D,24.96
907,,31519.3,1596,45805,6Y | 2M | 30D,23.3
908,,17375.9,1352,45804,5Y | 3M | 29D,25.25
0908B,,,,,,0
909,,23851.6,2525,45810,3Y | 11M | 29D,23.3
910,,4734.4,414,45811,1Y | 11M | 29D,24.96
911,,10808.9,2586,45811,6Y | 0M | 30D,24.96
0911B,,,,,,0
912,,11945,2748,45811,6Y | 0M | 30D,24.96
0912B,,,,,,0
913,,21669.5,2046,45804,5Y | 2M | 29D,24.96
914,,20063.2,1864,45804,0Y | 2M | 29D,24.96
915,,17153.8,1894,45804,5Y | 2M | 29D,24.96
916,,31246.5,2950,45806,6Y | 0M | 30D,23.3
917,,10640.4,2925,45796,1Y | 11M | 19D,25.25
0917B,,,,,,0
918,,21280.8,1671,45796,1Y | 11M | 19D,25.25
0918B,,,,,,0
919,,35615.1,2743,45796,1Y | 11M | 19D,25.25
0919B,,,,,,0
920,,12122.8,2222,45796,1Y | 11M | 19D,25.25
921,,8789,2369,45796,1Y | 11M | 19D,25.25
922,,28882.6,1803,45804,5Y | 6M | 29D,24.96
923,,8182.9,2470,45810,1Y | 0M | 29D,25.25
924,,7273.7,773,45810,1Y | 0M | 29D,25.25
925,,18396.3,2854,45800,1Y | 11M | 24D,25.25
0925B,,,,,,0
926,,13638.2,2425,45805,1Y | 0M | 29D,25.25
927,,3030.7,707,45810,1Y | 11M | 30D,25.25
928,,10910.5,2576,45805,1Y | 0M | 29D,25.25
929,,8182.9,2647,45810,1Y | 0M | 29D,25.25
930,,19396.5,2591,45810,1Y | 0M | 29D,25.25
931,,4546.1,758,45811,1Y | 11M | 30D,25.25
932,,31216.2,2869,45806,6Y | 4M | 30D,25.25
933,,9849.8,2612,45800,5Y | 11M | 29D,23.3
934,,9607.3,2349,45810,1Y | 11M | 16D,24.96
935,,19093.4,2369,45797,0Y | 11M | 28D,24.96
936,,22154.4,2626,45807,1Y | 10M | 29D,25.25
937,,19958.9,1083,45806,4Y | 0M | 29D,23.3
938,,2121.5,1263,45817,1Y | 11M | 29D,23.3
939,,9183,2212,45810,5Y | 10M | 29D,25.25
940,,15638.4,1086,45817,1Y | 11M | 29D,24.96
941,,9395.2,2475,45820,6Y | 4M | 30D,24.96
942,,7607.1,2349,45806,5Y | 10M | 29D,23.25
943,,10607.5,2374,45817,5Y | 9M | 29D,25.25
944,,7273.7,2010,45818,6Y | 0M | 30D,24.96
945,,12304.6,1748,45824,6Y | 3M | 30D,23.3
946,,24397.1,2829,45817,6Y | 4M | 30D,24.96
947,,3303.5,2864,45819,6Y | 0M | 30D,24.96
948,,29306.9,1253,45811,5Y | 2M | 29D,25.25
949,,14856.3,1749,45818,5Y | 2M | 29D,25.25
0949B,,,,,,0
950,,26700.5,2202,45819,6Y | 0M | 30D,23.3
951,,16335.7,2451,45817,5Y | 11M | 29D,23.3
0951B,,,,,,0
952,,25397.3,1283,45820,6Y | 0M | 30D,24.96
0952B,,,,,,0
953,,13456.3,1869,45824,5Y | 11M | 29D,25.25
954,,26822,848,45824,5Y | 11M | 29D,25.25
955,,35101.5,1366,45827,5Y | 11M | 29D,25.25
0955B,,,,,,0
0955C,,,,,,0
956,,21699.8,944,45826,5Y | 11M | 29D,25.25
957,,43035.9,1237,45826,5Y | 11M | 29D,25.25
0957B,,,,,,0
958,,27670.3,2586,45818,5Y | 6M | 29D,24.96
0958B,,,,,,0
959,,32519.4,2096,45818,5Y | 6M | 29D,24.96
0959B,,,,,,0
0959C,,,,,,0
960,,8880,2066,45821,6Y | 0M | 30D,24.96
961,,37302.3,2277,45818,5Y | 6M | 29D,24.96
0961B,,,,,,0
0961C,,,,,,0
0961D,,,,,,0
0961E,,,,,,0
0961F,,,,,,0
0961G,,,,,,0
0961H,,,,,,0
962,,21214.9,1288,45831,5Y | 1M | 29D,25.25
963,,11425.7,2157,45818,5Y | 11M | 29D,23.3
964,,7879.8,2273,45821,6Y | 0M | 30D,24.96
965,,23548.5,1440,45821,6Y | 0M | 30D,24.96
0965B,,,,,,0
966,,9698.2,1727,45828,5Y | 10M | 29D,24.96
967,,25185.1,1869,45818,5Y | 11M | 29D,23.3
968,,5212.8,1414,45832,5Y | 2M | 29D,24.96
969,,11304.5,2576,45828,5Y | 9M | 29D,24.96
970,,13698.8,1793,45824,6Y | 3M | 30D,23.36
971,,7408.8,2227,45833,5Y | 6M | 29D,25.25
972,,24760.8,2399,45825,48152,23.3
973,,11547,1844,45813,1Y | 11M | 29D,25.25
974,,4546.1,1642,45824,5Y | 9M | 29D,0
975,,5728,1869,45824,5Y | 9M | 29D,0
976,,7273.7,1869,45824,5Y | 9M | 29D,0
977,,4697.6,1743,45824,5Y | 9M | 29D,0
978,,20214.7,1667,45848,5Y | 9M | 29D,23.36
0978B,,,,,,0
0978C,,,,,,0
0978D,,,,,,0
0978E,,,,,,0
979,,8061.7,2000,45824,5Y | 6M | 29D,24.96